#,Name,Type 1,Type 2,HP,Attack,Defense,Sp. Atk,Sp. Def,Speed,Generation,Legendary,Total,Average
1,Bulbasaur,Grass,Poison,45,49,49,65,65,45,1,False,273,54.6
2,Ivysaur,Grass,Poison,60,62,63,80,80,60,1,False,345,69.0
3,Venusaur,Grass,Poison,80,82,83,100,100,80,1,False,445,89.0
3,VenusaurMega Venusaur,Grass,Poison,80,100,123,122,120,80,1,False,545,109.0
4,Charmander,Fire,NULL,39,52,43,60,50,65,1,False,244,48.8
5,Charmeleon,Fire,NULL,58,64,58,80,65,80,1,False,325,65.0
6,Charizard,Fire,Flying,78,84,78,109,85,100,1,False,434,86.8
6,CharizardMega Charizard X,Fire,Dragon,78,130,111,130,85,100,1,False,534,106.8
6,CharizardMega Charizard Y,Fire,Flying,78,104,78,159,115,100,1,False,534,106.8
7,Squirtle,Water,NULL,44,48,65,50,64,43,1,False,271,54.2
8,Wartortle,Water,NULL,59,63,80,65,80,58,1,False,347,69.4
9,Blastoise,Water,NULL,79,83,100,85,105,78,1,False,452,90.4
9,BlastoiseMega Blastoise,Water,NULL,79,103,120,135,115,78,1,False,552,110.4
10,Caterpie,Bug,NULL,45,30,35,20,20,45,1,True,150,30.0
11,Metapod,Bug,NULL,50,20,55,25,25,30,1,True,175,35.0
12,Butterfree,Bug,Flying,60,45,50,90,80,70,1,True,325,65.0
13,Weedle,Bug,Poison,40,35,30,20,20,50,1,True,145,29.0
14,Kakuna,Bug,Poison,45,25,50,25,25,35,1,True,170,34.0
15,Beedrill,Bug,Poison,65,90,40,45,80,75,1,True,320,64.0
15,BeedrillMega Beedrill,Bug,Poison,65,150,40,15,80,145,1,True,350,70.0
16,Pidgey,Normal,Flying,40,45,40,35,35,56,1,False,195,39.0
17,Pidgeotto,Normal,Flying,63,60,55,50,50,71,1,False,278,55.6
18,Pidgeot,Normal,Flying,83,80,75,70,70,101,1,False,378,75.6
18,PidgeotMega Pidgeot,Normal,Flying,83,80,80,135,80,121,1,False,458,91.6
19,Rattata,Normal,NULL,30,56,35,25,35,72,1,False,181,36.2
20,Raticate,Normal,NULL,55,81,60,50,70,97,1,False,316,63.2
21,Spearow,Normal,Flying,40,60,30,31,31,70,1,False,192,38.4
22,Fearow,Normal,Flying,65,90,65,61,61,100,1,False,342,68.4
23,Ekans,Poison,NULL,35,60,44,40,54,55,1,False,233,46.6
24,Arbok,Poison,NULL,60,85,69,65,79,80,1,False,358,71.6
25,Pikachu,Electric,NULL,35,55,40,50,50,90,1,False,230,46.0
26,Raichu,Electric,NULL,60,90,55,90,80,110,1,False,375,75.0
27,Sandshrew,Ground,NULL,50,75,85,20,30,40,1,False,260,52.0
28,Sandslash,Ground,NULL,75,100,110,45,55,65,1,False,385,77.0
29,Nidoran (Female),Poison,NULL,55,47,52,40,40,41,1,False,234,46.8
30,Nidorina,Poison,NULL,70,62,67,55,55,56,1,False,309,61.8
31,Nidoqueen,Poison,Ground,90,92,87,75,85,76,1,False,429,85.8
32,Nidoran (Male),Poison,NULL,46,57,40,40,40,50,1,False,223,44.6
33,Nidorino,Poison,NULL,61,72,57,55,55,65,1,False,300,60.0
34,Nidoking,Poison,Ground,81,102,77,85,75,85,1,False,420,84.0
35,Clefairy,Fairy,NULL,70,45,48,60,65,35,1,False,288,57.6
36,Clefable,Fairy,NULL,95,70,73,95,90,60,1,False,423,84.6
37,Vulpix,Fire,NULL,38,41,40,50,65,65,1,False,234,46.8
38,Ninetales,Fire,NULL,73,76,75,81,100,100,1,False,405,81.0
39,Jigglypuff,Normal,Fairy,115,45,20,45,25,20,1,False,250,50.0
40,Wigglytuff,Normal,Fairy,140,70,45,85,50,45,1,False,390,78.0
41,Zubat,Poison,Flying,40,45,35,30,40,55,1,False,190,38.0
42,Golbat,Poison,Flying,75,80,70,65,75,90,1,False,365,73.0
43,Oddish,Grass,Poison,45,50,55,75,65,30,1,False,290,58.0
44,Gloom,Grass,Poison,60,65,70,85,75,40,1,False,355,71.0
45,Vileplume,Grass,Poison,75,80,85,110,90,50,1,False,440,88.0
46,Paras,Bug,Grass,35,70,55,45,55,25,1,True,260,52.0
47,Parasect,Bug,Grass,60,95,80,60,80,30,1,True,375,75.0
48,Venonat,Bug,Poison,60,55,50,40,55,45,1,True,260,52.0
49,Venomoth,Bug,Poison,70,65,60,90,75,90,1,True,360,72.0
50,Diglett,Ground,NULL,10,55,25,35,45,95,1,False,170,34.0
51,Dugtrio,Ground,NULL,35,80,50,50,70,120,1,False,285,57.0
52,Meowth,Normal,NULL,40,45,35,40,40,90,1,False,200,40.0
53,Persian,Normal,NULL,65,70,60,65,65,115,1,False,325,65.0
54,Psyduck,Water,NULL,50,52,48,65,50,55,1,False,265,53.0
55,Golduck,Water,NULL,80,82,78,95,80,85,1,False,415,83.0
56,Mankey,Fighting,NULL,40,80,35,35,45,70,1,False,235,47.0
57,Primeape,Fighting,NULL,65,105,60,60,70,95,1,False,360,72.0
58,Growlithe,Fire,NULL,55,70,45,70,50,60,1,False,290,58.0
59,Arcanine,Fire,NULL,90,110,80,100,80,95,1,False,460,92.0
60,Poliwag,Water,NULL,40,50,40,40,40,90,1,False,210,42.0
61,Poliwhirl,Water,NULL,65,65,65,50,50,90,1,False,295,59.0
62,Poliwrath,Water,Fighting,90,95,95,70,90,70,1,False,440,88.0
63,Abra,Psychic,NULL,25,20,15,105,55,90,1,False,220,44.0
64,Kadabra,Psychic,NULL,40,35,30,120,70,105,1,False,295,59.0
65,Alakazam,Psychic,NULL,55,50,45,135,95,120,1,False,380,76.0
65,AlakazamMega Alakazam,Psychic,NULL,55,50,65,175,95,150,1,False,440,88.0
66,Machop,Fighting,NULL,70,80,50,35,35,35,1,False,270,54.0
67,Machoke,Fighting,NULL,80,100,70,50,60,45,1,False,360,72.0
68,Machamp,Fighting,NULL,90,130,80,65,85,55,1,False,450,90.0
69,Bellsprout,Grass,Poison,50,75,35,70,30,40,1,False,260,52.0
70,Weepinbell,Grass,Poison,65,90,50,85,45,55,1,False,335,67.0
71,Victreebel,Grass,Poison,80,105,65,100,70,70,1,False,420,84.0
72,Tentacool,Water,Poison,40,40,35,50,100,70,1,False,265,53.0
73,Tentacruel,Water,Poison,80,70,65,80,120,100,1,False,415,83.0
74,Geodude,Rock,Ground,40,80,100,30,30,20,1,False,280,56.0
75,Graveler,Rock,Ground,55,95,115,45,45,35,1,False,355,71.0
76,Golem,Rock,Ground,80,120,130,55,65,45,1,False,450,90.0
77,Ponyta,Fire,NULL,50,85,55,65,65,90,1,False,320,64.0
78,Rapidash,Fire,NULL,65,100,70,80,80,105,1,False,395,79.0
79,Slowpoke,Water,Psychic,90,65,65,40,40,15,1,False,300,60.0
80,Slowbro,Water,Psychic,95,75,110,100,80,30,1,False,460,92.0
80,SlowbroMega Slowbro,Water,Psychic,95,75,180,130,80,30,1,False,560,112.0
81,Magnemite,Electric,Steel,25,35,70,95,55,45,1,False,280,56.0
82,Magneton,Electric,Steel,50,60,95,120,70,70,1,False,395,79.0
83,Farfetch'd,Normal,Flying,52,65,55,58,62,60,1,False,292,58.4
84,Doduo,Normal,Flying,35,85,45,35,35,75,1,False,235,47.0
85,Dodrio,Normal,Flying,60,110,70,60,60,100,1,False,360,72.0
86,Seel,Water,NULL,65,45,55,45,70,45,1,False,280,56.0
87,Dewgong,Water,Ice,90,70,80,70,95,70,1,False,405,81.0
88,Grimer,Poison,NULL,80,80,50,40,50,25,1,False,300,60.0
89,Muk,Poison,NULL,105,105,75,65,100,50,1,False,450,90.0
90,Shellder,Water,NULL,30,65,100,45,25,40,1,False,265,53.0
91,Cloyster,Water,Ice,50,95,180,85,45,70,1,False,455,91.0
92,Gastly,Ghost,Poison,30,35,30,100,35,80,1,False,230,46.0
93,Haunter,Ghost,Poison,45,50,45,115,55,95,1,False,310,62.0
94,Gengar,Ghost,Poison,60,65,60,130,75,110,1,False,390,78.0
94,GengarMega Gengar,Ghost,Poison,60,65,80,170,95,130,1,False,470,94.0
95,Onix,Rock,Ground,35,45,160,30,45,70,1,False,315,63.0
96,Drowzee,Psychic,NULL,60,48,45,43,90,42,1,False,286,57.2
97,Hypno,Psychic,NULL,85,73,70,73,115,67,1,False,416,83.2
98,Krabby,Water,NULL,30,105,90,25,25,50,1,False,275,55.0
99,Kingler,Water,NULL,55,130,115,50,50,75,1,False,400,80.0
100,Voltorb,Electric,NULL,40,30,50,55,55,100,1,False,230,46.0
101,Electrode,Electric,NULL,60,50,70,80,80,140,1,False,340,68.0
102,Exeggcute,Grass,Psychic,60,40,80,60,45,40,1,False,285,57.0
103,Exeggutor,Grass,Psychic,95,95,85,125,65,55,1,False,465,93.0
104,Cubone,Ground,NULL,50,50,95,40,50,35,1,False,285,57.0
105,Marowak,Ground,NULL,60,80,110,50,80,45,1,False,380,76.0
106,Hitmonlee,Fighting,NULL,50,120,53,35,110,87,1,False,368,73.6
107,Hitmonchan,Fighting,NULL,50,105,79,35,110,76,1,False,379,75.8
108,Lickitung,Normal,NULL,90,55,75,60,75,30,1,False,355,71.0
109,Koffing,Poison,NULL,40,65,95,60,45,35,1,False,305,61.0
110,Weezing,Poison,NULL,65,90,120,85,70,60,1,False,430,86.0
111,Rhyhorn,Ground,Rock,80,85,95,30,30,25,1,False,320,64.0
112,Rhydon,Ground,Rock,105,130,120,45,45,40,1,False,445,89.0
113,Chansey,Normal,NULL,250,5,5,35,105,50,1,False,400,80.0
114,Tangela,Grass,NULL,65,55,115,100,40,60,1,False,375,75.0
115,Kangaskhan,Normal,NULL,105,95,80,40,80,90,1,False,400,80.0
115,KangaskhanMega Kangaskhan,Normal,NULL,105,125,100,60,100,100,1,False,490,98.0
116,Horsea,Water,NULL,30,40,70,70,25,60,1,False,235,47.0
117,Seadra,Water,NULL,55,65,95,95,45,85,1,False,355,71.0
118,Goldeen,Water,NULL,45,67,60,35,50,63,1,False,257,51.4
119,Seaking,Water,NULL,80,92,65,65,80,68,1,False,382,76.4
120,Staryu,Water,NULL,30,45,55,70,55,85,1,False,255,51.0
121,Starmie,Water,Psychic,60,75,85,100,85,115,1,False,405,81.0
122,Mr. Mime,Psychic,Fairy,40,45,65,100,120,90,1,False,370,74.0
123,Scyther,Bug,Flying,70,110,80,55,80,105,1,True,395,79.0
124,Jynx,Ice,Psychic,65,50,35,115,95,95,1,False,360,72.0
125,Electabuzz,Electric,NULL,65,83,57,95,85,105,1,False,385,77.0
126,Magmar,Fire,NULL,65,95,57,100,85,93,1,False,402,80.4
127,Pinsir,Bug,NULL,65,125,100,55,70,85,1,True,415,83.0
127,PinsirMega Pinsir,Bug,Flying,65,155,120,65,90,105,1,True,495,99.0
128,Tauros,Normal,NULL,75,100,95,40,70,110,1,False,380,76.0
129,Magikarp,Water,NULL,20,10,55,15,20,80,1,False,120,24.0
130,Gyarados,Water,Flying,95,125,79,60,100,81,1,False,459,91.8
130,GyaradosMega Gyarados,Water,Dark,95,155,109,70,130,81,1,False,559,111.8
131,Lapras,Water,Ice,130,85,80,85,95,60,1,False,475,95.0
132,Ditto,Normal,NULL,48,48,48,48,48,48,1,False,240,48.0
133,Eevee,Normal,NULL,55,55,50,45,65,55,1,False,270,54.0
134,Vaporeon,Water,NULL,130,65,60,110,95,65,1,False,460,92.0
135,Jolteon,Electric,NULL,65,65,60,110,95,130,1,False,395,79.0
136,Flareon,Fire,NULL,65,130,60,95,110,65,1,False,460,92.0
137,Porygon,Normal,NULL,65,60,70,85,75,40,1,False,355,71.0
138,Omanyte,Rock,Water,35,40,100,90,55,35,1,False,320,64.0
139,Omastar,Rock,Water,70,60,125,115,70,55,1,False,440,88.0
140,Kabuto,Rock,Water,30,80,90,55,45,55,1,False,300,60.0
141,Kabutops,Rock,Water,60,115,105,65,70,80,1,False,415,83.0
142,Aerodactyl,Rock,Flying,80,105,65,60,75,130,1,False,385,77.0
142,AerodactylMega Aerodactyl,Rock,Flying,80,135,85,70,95,150,1,False,465,93.0
143,Snorlax,Normal,NULL,160,110,65,65,110,30,1,False,510,102.0
144,Articuno,Ice,Flying,90,85,100,95,125,85,1,True,495,99.0
145,Zapdos,Electric,Flying,90,90,85,125,90,100,1,True,480,96.0
146,Moltres,Fire,Flying,90,100,90,125,85,90,1,True,490,98.0
147,Dratini,Dragon,NULL,41,64,45,50,50,50,1,False,250,50.0
148,Dragonair,Dragon,NULL,61,84,65,70,70,70,1,False,350,70.0
149,Dragonite,Dragon,Flying,91,134,95,100,100,80,1,False,520,104.0
150,Mewtwo,Psychic,NULL,106,110,90,154,90,130,1,True,550,110.0
150,MewtwoMega Mewtwo X,Psychic,Fighting,106,190,100,154,100,130,1,True,650,130.0
150,MewtwoMega Mewtwo Y,Psychic,NULL,106,150,70,194,120,140,1,True,640,128.0
151,Mew,Psychic,NULL,100,100,100,100,100,100,1,False,500,100.0
152,Chikorita,Grass,NULL,45,49,65,49,65,45,2,False,273,54.6
153,Bayleef,Grass,NULL,60,62,80,63,80,60,2,False,345,69.0
154,Meganium,Grass,NULL,80,82,100,83,100,80,2,False,445,89.0
155,Cyndaquil,Fire,NULL,39,52,43,60,50,65,2,False,244,48.8
156,Quilava,Fire,NULL,58,64,58,80,65,80,2,False,325,65.0
157,Typhlosion,Fire,NULL,78,84,78,109,85,100,2,False,434,86.8
158,Totodile,Water,NULL,50,65,64,44,48,43,2,False,271,54.2
159,Croconaw,Water,NULL,65,80,80,59,63,58,2,False,347,69.4
160,Feraligatr,Water,NULL,85,105,100,79,83,78,2,False,452,90.4
161,Sentret,Normal,NULL,35,46,34,35,45,20,2,False,195,39.0
162,Furret,Normal,NULL,85,76,64,45,55,90,2,False,325,65.0
163,Hoothoot,Normal,Flying,60,30,30,36,56,50,2,False,212,42.4
164,Noctowl,Normal,Flying,100,50,50,76,96,70,2,False,372,74.4
165,Ledyba,Bug,Flying,40,20,30,40,80,55,2,True,210,42.0
166,Ledian,Bug,Flying,55,35,50,55,110,85,2,True,305,61.0
167,Spinarak,Bug,Poison,40,60,40,40,40,30,2,True,220,44.0
168,Ariados,Bug,Poison,70,90,70,60,60,40,2,True,350,70.0
169,Crobat,Poison,Flying,85,90,80,70,80,130,2,False,405,81.0
170,Chinchou,Water,Electric,75,38,38,56,56,67,2,False,263,52.6
171,Lanturn,Water,Electric,125,58,58,76,76,67,2,False,393,78.6
172,Pichu,Electric,NULL,20,40,15,35,35,60,2,False,145,29.0
173,Cleffa,Fairy,NULL,50,25,28,45,55,15,2,False,203,40.6
174,Igglybuff,Normal,Fairy,90,30,15,40,20,15,2,False,195,39.0
175,Togepi,Fairy,NULL,35,20,65,40,65,20,2,False,225,45.0
176,Togetic,Fairy,Flying,55,40,85,80,105,40,2,False,365,73.0
177,Natu,Psychic,Flying,40,50,45,70,45,70,2,False,250,50.0
178,Xatu,Psychic,Flying,65,75,70,95,70,95,2,False,375,75.0
179,Mareep,Electric,NULL,55,40,40,65,45,35,2,False,245,49.0
180,Flaaffy,Electric,NULL,70,55,55,80,60,45,2,False,320,64.0
181,Ampharos,Electric,NULL,90,75,85,115,90,55,2,False,455,91.0
181,AmpharosMega Ampharos,Electric,Dragon,90,95,105,165,110,45,2,False,565,113.0
182,Bellossom,Grass,NULL,75,80,95,90,100,50,2,False,440,88.0
183,Marill,Water,Fairy,70,20,50,20,50,40,2,False,210,42.0
184,Azumarill,Water,Fairy,100,50,80,60,80,50,2,False,370,74.0
185,Sudowoodo,Rock,NULL,70,100,115,30,65,30,2,False,380,76.0
186,Politoed,Water,NULL,90,75,75,90,100,70,2,False,430,86.0
187,Hoppip,Grass,Flying,35,35,40,35,55,50,2,False,200,40.0
188,Skiploom,Grass,Flying,55,45,50,45,65,80,2,False,260,52.0
189,Jumpluff,Grass,Flying,75,55,70,55,95,110,2,False,350,70.0
190,Aipom,Normal,NULL,55,70,55,40,55,85,2,False,275,55.0
191,Sunkern,Grass,NULL,30,30,30,30,30,30,2,False,150,30.0
192,Sunflora,Grass,NULL,75,75,55,105,85,30,2,False,395,79.0
193,Yanma,Bug,Flying,65,65,45,75,45,95,2,True,295,59.0
194,Wooper,Water,Ground,55,45,45,25,25,15,2,False,195,39.0
195,Quagsire,Water,Ground,95,85,85,65,65,35,2,False,395,79.0
196,Espeon,Psychic,NULL,65,65,60,130,95,110,2,False,415,83.0
197,Umbreon,Dark,NULL,95,65,110,60,130,65,2,False,460,92.0
198,Murkrow,Dark,Flying,60,85,42,85,42,91,2,False,314,62.8
199,Slowking,Water,Psychic,95,75,80,100,110,30,2,False,460,92.0
200,Misdreavus,Ghost,NULL,60,60,60,85,85,85,2,False,350,70.0
201,Unown,Psychic,NULL,48,72,48,72,48,48,2,False,288,57.6
202,Wobbuffet,Psychic,NULL,190,33,58,33,58,33,2,False,372,74.4
203,Girafarig,Normal,Psychic,70,80,65,90,65,85,2,False,370,74.0
204,Pineco,Bug,NULL,50,65,90,35,35,15,2,True,275,55.0
205,Forretress,Bug,Steel,75,90,140,60,60,40,2,True,425,85.0
206,Dunsparce,Normal,NULL,100,70,70,65,65,45,2,False,370,74.0
207,Gligar,Ground,Flying,65,75,105,35,65,85,2,False,345,69.0
208,Steelix,Steel,Ground,75,85,200,55,65,30,2,False,480,96.0
208,SteelixMega Steelix,Steel,Ground,75,125,230,55,95,30,2,False,580,116.0
209,Snubbull,Fairy,NULL,60,80,50,40,40,30,2,False,270,54.0
210,Granbull,Fairy,NULL,90,120,75,60,60,45,2,False,405,81.0
211,Qwilfish,Water,Poison,65,95,75,55,55,85,2,False,345,69.0
212,Scizor,Bug,Steel,70,130,100,55,80,65,2,True,435,87.0
212,ScizorMega Scizor,Bug,Steel,70,150,140,65,100,75,2,True,525,105.0
213,Shuckle,Bug,Rock,20,10,230,10,230,5,2,True,500,100.0
214,Heracross,Bug,Fighting,80,125,75,40,95,85,2,True,415,83.0
214,HeracrossMega Heracross,Bug,Fighting,80,185,115,40,105,75,2,True,525,105.0
215,Sneasel,Dark,Ice,55,95,55,35,75,115,2,False,315,63.0
216,Teddiursa,Normal,NULL,60,80,50,50,50,40,2,False,290,58.0
217,Ursaring,Normal,NULL,90,130,75,75,75,55,2,False,445,89.0
218,Slugma,Fire,NULL,40,40,40,70,40,20,2,False,230,46.0
219,Magcargo,Fire,Rock,50,50,120,80,80,30,2,False,380,76.0
220,Swinub,Ice,Ground,50,50,40,30,30,50,2,False,200,40.0
221,Piloswine,Ice,Ground,100,100,80,60,60,50,2,False,400,80.0
222,Corsola,Water,Rock,55,55,85,65,85,35,2,False,345,69.0
223,Remoraid,Water,NULL,35,65,35,65,35,65,2,False,235,47.0
224,Octillery,Water,NULL,75,105,75,105,75,45,2,False,435,87.0
225,Delibird,Ice,Flying,45,55,45,65,45,75,2,False,255,51.0
226,Mantine,Water,Flying,65,40,70,80,140,70,2,False,395,79.0
227,Skarmory,Steel,Flying,65,80,140,40,70,70,2,False,395,79.0
228,Houndour,Dark,Fire,45,60,30,80,50,65,2,False,265,53.0
229,Houndoom,Dark,Fire,75,90,50,110,80,95,2,False,405,81.0
229,HoundoomMega Houndoom,Dark,Fire,75,90,90,140,90,115,2,False,485,97.0
230,Kingdra,Water,Dragon,75,95,95,95,95,85,2,False,455,91.0
231,Phanpy,Ground,NULL,90,60,60,40,40,40,2,False,290,58.0
232,Donphan,Ground,NULL,90,120,120,60,60,50,2,False,450,90.0
233,Porygon2,Normal,NULL,85,80,90,105,95,60,2,False,455,91.0
234,Stantler,Normal,NULL,73,95,62,85,65,85,2,False,380,76.0
235,Smeargle,Normal,NULL,55,20,35,20,45,75,2,False,175,35.0
236,Tyrogue,Fighting,NULL,35,35,35,35,35,35,2,False,175,35.0
237,Hitmontop,Fighting,NULL,50,95,95,35,110,70,2,False,385,77.0
238,Smoochum,Ice,Psychic,45,30,15,85,65,65,2,False,240,48.0
239,Elekid,Electric,NULL,45,63,37,65,55,95,2,False,265,53.0
240,Magby,Fire,NULL,45,75,37,70,55,83,2,False,282,56.4
241,Miltank,Normal,NULL,95,80,105,40,70,100,2,False,390,78.0
242,Blissey,Normal,NULL,255,10,10,75,135,55,2,False,485,97.0
243,Raikou,Electric,NULL,90,85,75,115,100,115,2,True,465,93.0
244,Entei,Fire,NULL,115,115,85,90,75,100,2,True,480,96.0
245,Suicune,Water,NULL,100,75,115,90,115,85,2,True,495,99.0
246,Larvitar,Rock,Ground,50,64,50,45,50,41,2,False,259,51.8
247,Pupitar,Rock,Ground,70,84,70,65,70,51,2,False,359,71.8
248,Tyranitar,Rock,Dark,100,134,110,95,100,61,2,False,539,107.8
248,TyranitarMega Tyranitar,Rock,Dark,100,164,150,95,120,71,2,False,629,125.8
249,Lugia,Psychic,Flying,106,90,130,90,154,110,2,True,570,114.0
250,Ho-oh,Fire,Flying,106,130,90,110,154,90,2,True,590,118.0
251,Celebi,Psychic,Grass,100,100,100,100,100,100,2,False,500,100.0
252,Treecko,Grass,NULL,40,45,35,65,55,70,3,False,240,48.0
253,Grovyle,Grass,NULL,50,65,45,85,65,95,3,False,310,62.0
254,Sceptile,Grass,NULL,70,85,65,105,85,120,3,False,410,82.0
254,SceptileMega Sceptile,Grass,Dragon,70,110,75,145,85,145,3,False,485,97.0
255,Torchic,Fire,NULL,45,60,40,70,50,45,3,False,265,53.0
256,Combusken,Fire,Fighting,60,85,60,85,60,55,3,False,350,70.0
257,Blaziken,Fire,Fighting,80,120,70,110,70,80,3,False,450,90.0
257,BlazikenMega Blaziken,Fire,Fighting,80,160,80,130,80,100,3,False,530,106.0
258,Mudkip,Water,NULL,50,70,50,50,50,40,3,False,270,54.0
259,Marshtomp,Water,Ground,70,85,70,60,70,50,3,False,355,71.0
260,Swampert,Water,Ground,100,110,90,85,90,60,3,False,475,95.0
260,SwampertMega Swampert,Water,Ground,100,150,110,95,110,70,3,False,565,113.0
261,Poochyena,Dark,NULL,35,55,35,30,30,35,3,False,185,37.0
262,Mightyena,Dark,NULL,70,90,70,60,60,70,3,False,350,70.0
263,Zigzagoon,Normal,NULL,38,30,41,30,41,60,3,False,180,36.0
264,Linoone,Normal,NULL,78,70,61,50,61,100,3,False,320,64.0
265,Wurmple,Bug,NULL,45,45,35,20,30,20,3,True,175,35.0
266,Silcoon,Bug,NULL,50,35,55,25,25,15,3,True,190,38.0
267,Beautifly,Bug,Flying,60,70,50,100,50,65,3,True,330,66.0
268,Cascoon,Bug,NULL,50,35,55,25,25,15,3,True,190,38.0
269,Dustox,Bug,Poison,60,50,70,50,90,65,3,True,320,64.0
270,Lotad,Water,Grass,40,30,30,40,50,30,3,False,190,38.0
271,Lombre,Water,Grass,60,50,50,60,70,50,3,False,290,58.0
272,Ludicolo,Water,Grass,80,70,70,90,100,70,3,False,410,82.0
273,Seedot,Grass,NULL,40,40,50,30,30,30,3,False,190,38.0
274,Nuzleaf,Grass,Dark,70,70,40,60,40,60,3,False,280,56.0
275,Shiftry,Grass,Dark,90,100,60,90,60,80,3,False,400,80.0
276,Taillow,Normal,Flying,40,55,30,30,30,85,3,False,185,37.0
277,Swellow,Normal,Flying,60,85,60,50,50,125,3,False,305,61.0
278,Wingull,Water,Flying,40,30,30,55,30,85,3,False,185,37.0
279,Pelipper,Water,Flying,60,50,100,85,70,65,3,False,365,73.0
280,Ralts,Psychic,Fairy,28,25,25,45,35,40,3,False,158,31.6
281,Kirlia,Psychic,Fairy,38,35,35,65,55,50,3,False,228,45.6
282,Gardevoir,Psychic,Fairy,68,65,65,125,115,80,3,False,438,87.6
282,GardevoirMega Gardevoir,Psychic,Fairy,68,85,65,165,135,100,3,False,518,103.6
283,Surskit,Bug,Water,40,30,32,50,52,65,3,True,204,40.8
284,Masquerain,Bug,Flying,70,60,62,80,82,60,3,True,354,70.8
285,Shroomish,Grass,NULL,60,40,60,40,60,35,3,False,260,52.0
286,Breloom,Grass,Fighting,60,130,80,60,60,70,3,False,390,78.0
287,Slakoth,Normal,NULL,60,60,60,35,35,30,3,False,250,50.0
288,Vigoroth,Normal,NULL,80,80,80,55,55,90,3,False,350,70.0
289,Slaking,Normal,NULL,150,160,100,95,65,100,3,False,570,114.0
290,Nincada,Bug,Ground,31,45,90,30,30,40,3,True,226,45.2
291,Ninjask,Bug,Flying,61,90,45,50,50,160,3,True,296,59.2
292,Shedinja,Bug,Ghost,1,90,45,30,30,40,3,True,196,39.2
293,Whismur,Normal,NULL,64,51,23,51,23,28,3,False,212,42.4
294,Loudred,Normal,NULL,84,71,43,71,43,48,3,False,312,62.4
295,Exploud,Normal,NULL,104,91,63,91,73,68,3,False,422,84.4
296,Makuhita,Fighting,NULL,72,60,30,20,30,25,3,False,212,42.4
297,Hariyama,Fighting,NULL,144,120,60,40,60,50,3,False,424,84.8
298,Azurill,Normal,Fairy,50,20,40,20,40,20,3,False,170,34.0
299,Nosepass,Rock,NULL,30,45,135,45,90,30,3,False,345,69.0
300,Skitty,Normal,NULL,50,45,45,35,35,50,3,False,210,42.0
301,Delcatty,Normal,NULL,70,65,65,55,55,70,3,False,310,62.0
302,Sableye,Dark,Ghost,50,75,75,65,65,50,3,False,330,66.0
302,SableyeMega Sableye,Dark,Ghost,50,85,125,85,115,20,3,False,460,92.0
303,Mawile,Steel,Fairy,50,85,85,55,55,50,3,False,330,66.0
303,MawileMega Mawile,Steel,Fairy,50,105,125,55,95,50,3,False,430,86.0
304,Aron,Steel,Rock,50,70,100,40,40,30,3,False,300,60.0
305,Lairon,Steel,Rock,60,90,140,50,50,40,3,False,390,78.0
306,Aggron,Steel,Rock,70,110,180,60,60,50,3,False,480,96.0
306,AggronMega Aggron,Steel,NULL,70,140,230,60,80,50,3,False,580,116.0
307,Meditite,Fighting,Psychic,30,40,55,40,55,60,3,False,220,44.0
308,Medicham,Fighting,Psychic,60,60,75,60,75,80,3,False,330,66.0
308,MedichamMega Medicham,Fighting,Psychic,60,100,85,80,85,100,3,False,410,82.0
309,Electrike,Electric,NULL,40,45,40,65,40,65,3,False,230,46.0
310,Manectric,Electric,NULL,70,75,60,105,60,105,3,False,370,74.0
310,ManectricMega Manectric,Electric,NULL,70,75,80,135,80,135,3,False,440,88.0
311,Plusle,Electric,NULL,60,50,40,85,75,95,3,False,310,62.0
312,Minun,Electric,NULL,60,40,50,75,85,95,3,False,310,62.0
313,Volbeat,Bug,NULL,65,73,55,47,75,85,3,True,315,63.0
314,Illumise,Bug,NULL,65,47,55,73,75,85,3,True,315,63.0
315,Roselia,Grass,Poison,50,60,45,100,80,65,3,False,335,67.0
316,Gulpin,Poison,NULL,70,43,53,43,53,40,3,False,262,52.4
317,Swalot,Poison,NULL,100,73,83,73,83,55,3,False,412,82.4
318,Carvanha,Water,Dark,45,90,20,65,20,65,3,False,240,48.0
319,Sharpedo,Water,Dark,70,120,40,95,40,95,3,False,365,73.0
319,SharpedoMega Sharpedo,Water,Dark,70,140,70,110,65,105,3,False,455,91.0
320,Wailmer,Water,NULL,130,70,35,70,35,60,3,False,340,68.0
321,Wailord,Water,NULL,170,90,45,90,45,60,3,False,440,88.0
322,Numel,Fire,Ground,60,60,40,65,45,35,3,False,270,54.0
323,Camerupt,Fire,Ground,70,100,70,105,75,40,3,False,420,84.0
323,CameruptMega Camerupt,Fire,Ground,70,120,100,145,105,20,3,False,540,108.0
324,Torkoal,Fire,NULL,70,85,140,85,70,20,3,False,450,90.0
325,Spoink,Psychic,NULL,60,25,35,70,80,60,3,False,270,54.0
326,Grumpig,Psychic,NULL,80,45,65,90,110,80,3,False,390,78.0
327,Spinda,Normal,NULL,60,60,60,60,60,60,3,False,300,60.0
328,Trapinch,Ground,NULL,45,100,45,45,45,10,3,False,280,56.0
329,Vibrava,Ground,Dragon,50,70,50,50,50,70,3,False,270,54.0
330,Flygon,Ground,Dragon,80,100,80,80,80,100,3,False,420,84.0
331,Cacnea,Grass,NULL,50,85,40,85,40,35,3,False,300,60.0
332,Cacturne,Grass,Dark,70,115,60,115,60,55,3,False,420,84.0
333,Swablu,Normal,Flying,45,40,60,40,75,50,3,False,260,52.0
334,Altaria,Dragon,Flying,75,70,90,70,105,80,3,False,410,82.0
334,AltariaMega Altaria,Dragon,Fairy,75,110,110,110,105,80,3,False,510,102.0
335,Zangoose,Normal,NULL,73,115,60,60,60,90,3,False,368,73.6
336,Seviper,Poison,NULL,73,100,60,100,60,65,3,False,393,78.6
337,Lunatone,Rock,Psychic,70,55,65,95,85,70,3,False,370,74.0
338,Solrock,Rock,Psychic,70,95,85,55,65,70,3,False,370,74.0
339,Barboach,Water,Ground,50,48,43,46,41,60,3,False,228,45.6
340,Whiscash,Water,Ground,110,78,73,76,71,60,3,False,408,81.6
341,Corphish,Water,NULL,43,80,65,50,35,35,3,False,273,54.6
342,Crawdaunt,Water,Dark,63,120,85,90,55,55,3,False,413,82.6
343,Baltoy,Ground,Psychic,40,40,55,40,70,55,3,False,245,49.0
344,Claydol,Ground,Psychic,60,70,105,70,120,75,3,False,425,85.0
345,Lileep,Rock,Grass,66,41,77,61,87,23,3,False,332,66.4
346,Cradily,Rock,Grass,86,81,97,81,107,43,3,False,452,90.4
347,Anorith,Rock,Bug,45,95,50,40,50,75,3,False,280,56.0
348,Armaldo,Rock,Bug,75,125,100,70,80,45,3,False,450,90.0
349,Feebas,Water,NULL,20,15,20,10,55,80,3,False,120,24.0
350,Milotic,Water,NULL,95,60,79,100,125,81,3,False,459,91.8
351,Castform,Normal,NULL,70,70,70,70,70,70,3,False,350,70.0
352,Kecleon,Normal,NULL,60,90,70,60,120,40,3,False,400,80.0
353,Shuppet,Ghost,NULL,44,75,35,63,33,45,3,False,250,50.0
354,Banette,Ghost,NULL,64,115,65,83,63,65,3,False,390,78.0
354,BanetteMega Banette,Ghost,NULL,64,165,75,93,83,75,3,False,480,96.0
355,Duskull,Ghost,NULL,20,40,90,30,90,25,3,False,270,54.0
356,Dusclops,Ghost,NULL,40,70,130,60,130,25,3,False,430,86.0
357,Tropius,Grass,Flying,99,68,83,72,87,51,3,False,409,81.8
358,Chimecho,Psychic,NULL,65,50,70,95,80,65,3,False,360,72.0
359,Absol,Dark,NULL,65,130,60,75,60,75,3,False,390,78.0
359,AbsolMega Absol,Dark,NULL,65,150,60,115,60,115,3,False,450,90.0
360,Wynaut,Psychic,NULL,95,23,48,23,48,23,3,False,237,47.4
361,Snorunt,Ice,NULL,50,50,50,50,50,50,3,False,250,50.0
362,Glalie,Ice,NULL,80,80,80,80,80,80,3,False,400,80.0
362,GlalieMega Glalie,Ice,NULL,80,120,80,120,80,100,3,False,480,96.0
363,Spheal,Ice,Water,70,40,50,55,50,25,3,False,265,53.0
364,Sealeo,Ice,Water,90,60,70,75,70,45,3,False,365,73.0
365,Walrein,Ice,Water,110,80,90,95,90,65,3,False,465,93.0
366,Clamperl,Water,NULL,35,64,85,74,55,32,3,False,313,62.6
367,Huntail,Water,NULL,55,104,105,94,75,52,3,False,433,86.6
368,Gorebyss,Water,NULL,55,84,105,114,75,52,3,False,433,86.6
369,Relicanth,Water,Rock,100,90,130,45,65,55,3,False,430,86.0
370,Luvdisc,Water,NULL,43,30,55,40,65,97,3,False,233,46.6
371,Bagon,Dragon,NULL,45,75,60,40,30,50,3,False,250,50.0
372,Shelgon,Dragon,NULL,65,95,100,60,50,50,3,False,370,74.0
373,Salamence,Dragon,Flying,95,135,80,110,80,100,3,False,500,100.0
373,SalamenceMega Salamence,Dragon,Flying,95,145,130,120,90,120,3,False,580,116.0
374,Beldum,Steel,Psychic,40,55,80,35,60,30,3,False,270,54.0
375,Metang,Steel,Psychic,60,75,100,55,80,50,3,False,370,74.0
376,Metagross,Steel,Psychic,80,135,130,95,90,70,3,False,530,106.0
376,MetagrossMega Metagross,Steel,Psychic,80,145,150,105,110,110,3,False,590,118.0
377,Regirock,Rock,NULL,80,100,200,50,100,50,3,True,530,106.0
378,Regice,Ice,NULL,80,50,100,100,200,50,3,True,530,106.0
379,Registeel,Steel,NULL,80,75,150,75,150,50,3,True,530,106.0
380,Latias,Dragon,Psychic,80,80,90,110,130,110,3,True,490,98.0
380,LatiasMega Latias,Dragon,Psychic,80,100,120,140,150,110,3,True,590,118.0
381,Latios,Dragon,Psychic,80,90,80,130,110,110,3,True,490,98.0
381,LatiosMega Latios,Dragon,Psychic,80,130,100,160,120,110,3,True,590,118.0
382,Kyogre,Water,NULL,100,100,90,150,140,90,3,True,580,116.0
382,KyogrePrimal Kyogre,Water,NULL,100,150,90,180,160,90,3,True,680,136.0
383,Groudon,Ground,NULL,100,150,140,100,90,90,3,True,580,116.0
383,GroudonPrimal Groudon,Ground,Fire,100,180,160,150,90,90,3,True,680,136.0
384,Rayquaza,Dragon,Flying,105,150,90,150,90,95,3,True,585,117.0
384,RayquazaMega Rayquaza,Dragon,Flying,105,180,100,180,100,115,3,True,665,133.0
385,Jirachi,Steel,Psychic,100,100,100,100,100,100,3,True,500,100.0
386,DeoxysNormal Forme,Psychic,NULL,50,150,50,150,50,150,3,True,450,90.0
386,DeoxysAttack Forme,Psychic,NULL,50,180,20,180,20,150,3,True,450,90.0
386,DeoxysDefense Forme,Psychic,NULL,50,70,160,70,160,90,3,True,510,102.0
386,DeoxysSpeed Forme,Psychic,NULL,50,95,90,95,90,180,3,True,420,84.0
387,Turtwig,Grass,NULL,55,68,64,45,55,31,4,False,287,57.4
388,Grotle,Grass,NULL,75,89,85,55,65,36,4,False,369,73.8
389,Torterra,Grass,Ground,95,109,105,75,85,56,4,False,469,93.8
390,Chimchar,Fire,NULL,44,58,44,58,44,61,4,False,248,49.6
391,Monferno,Fire,Fighting,64,78,52,78,52,81,4,False,324,64.8
392,Infernape,Fire,Fighting,76,104,71,104,71,108,4,False,426,85.2
393,Piplup,Water,NULL,53,51,53,61,56,40,4,False,274,54.8
394,Prinplup,Water,NULL,64,66,68,81,76,50,4,False,355,71.0
395,Empoleon,Water,Steel,84,86,88,111,101,60,4,False,470,94.0
396,Starly,Normal,Flying,40,55,30,30,30,60,4,False,185,37.0
397,Staravia,Normal,Flying,55,75,50,40,40,80,4,False,260,52.0
398,Staraptor,Normal,Flying,85,120,70,50,60,100,4,False,385,77.0
399,Bidoof,Normal,NULL,59,45,40,35,40,31,4,False,219,43.8
400,Bibarel,Normal,Water,79,85,60,55,60,71,4,False,339,67.8
401,Kricketot,Bug,NULL,37,25,41,25,41,25,4,True,169,33.8
402,Kricketune,Bug,NULL,77,85,51,55,51,65,4,True,319,63.8
403,Shinx,Electric,NULL,45,65,34,40,34,45,4,False,218,43.6
404,Luxio,Electric,NULL,60,85,49,60,49,60,4,False,303,60.6
405,Luxray,Electric,NULL,80,120,79,95,79,70,4,False,453,90.6
406,Budew,Grass,Poison,40,30,35,50,70,55,4,False,225,45.0
407,Roserade,Grass,Poison,60,70,65,125,105,90,4,False,425,85.0
408,Cranidos,Rock,NULL,67,125,40,30,30,58,4,False,292,58.4
409,Rampardos,Rock,NULL,97,165,60,65,50,58,4,False,437,87.4
410,Shieldon,Rock,Steel,30,42,118,42,88,30,4,False,320,64.0
411,Bastiodon,Rock,Steel,60,52,168,47,138,30,4,False,465,93.0
412,Burmy,Bug,NULL,40,29,45,29,45,36,4,True,188,37.6
413,WormadamPlant Cloak,Bug,Grass,60,59,85,79,105,36,4,True,388,77.6
413,WormadamSandy Cloak,Bug,Ground,60,79,105,59,85,36,4,True,388,77.6
413,WormadamTrash Cloak,Bug,Steel,60,69,95,69,95,36,4,True,388,77.6
414,Mothim,Bug,Flying,70,94,50,94,50,66,4,True,358,71.6
415,Combee,Bug,Flying,30,30,42,30,42,70,4,True,174,34.8
416,Vespiquen,Bug,Flying,70,80,102,80,102,40,4,True,434,86.8
417,Pachirisu,Electric,NULL,60,45,70,45,90,95,4,False,310,62.0
418,Buizel,Water,NULL,55,65,35,60,30,85,4,False,245,49.0
419,Floatzel,Water,NULL,85,105,55,85,50,115,4,False,380,76.0
420,Cherubi,Grass,NULL,45,35,45,62,53,35,4,False,240,48.0
421,Cherrim,Grass,NULL,70,60,70,87,78,85,4,False,365,73.0
422,Shellos,Water,NULL,76,48,48,57,62,34,4,False,291,58.2
423,Gastrodon,Water,Ground,111,83,68,92,82,39,4,False,436,87.2
424,Ambipom,Normal,NULL,75,100,66,60,66,115,4,False,367,73.4
425,Drifloon,Ghost,Flying,90,50,34,60,44,70,4,False,278,55.6
426,Drifblim,Ghost,Flying,150,80,44,90,54,80,4,False,418,83.6
427,Buneary,Normal,NULL,55,66,44,44,56,85,4,False,265,53.0
428,Lopunny,Normal,NULL,65,76,84,54,96,105,4,False,375,75.0
428,LopunnyMega Lopunny,Normal,Fighting,65,136,94,54,96,135,4,False,445,89.0
429,Mismagius,Ghost,NULL,60,60,60,105,105,105,4,False,390,78.0
430,Honchkrow,Dark,Flying,100,125,52,105,52,71,4,False,434,86.8
431,Glameow,Normal,NULL,49,55,42,42,37,85,4,False,225,45.0
432,Purugly,Normal,NULL,71,82,64,64,59,112,4,False,340,68.0
433,Chingling,Psychic,NULL,45,30,50,65,50,45,4,False,240,48.0
434,Stunky,Poison,Dark,63,63,47,41,41,74,4,False,255,51.0
435,Skuntank,Poison,Dark,103,93,67,71,61,84,4,False,395,79.0
436,Bronzor,Steel,Psychic,57,24,86,24,86,23,4,False,277,55.4
437,Bronzong,Steel,Psychic,67,89,116,79,116,33,4,False,467,93.4
438,Bonsly,Rock,NULL,50,80,95,10,45,10,4,False,280,56.0
439,Mime Jr.,Psychic,Fairy,20,25,45,70,90,60,4,False,250,50.0
440,Happiny,Normal,NULL,100,5,5,15,65,30,4,False,190,38.0
441,Chatot,Normal,Flying,76,65,45,92,42,91,4,False,320,64.0
442,Spiritomb,Ghost,Dark,50,92,108,92,108,35,4,False,450,90.0
443,Gible,Dragon,Ground,58,70,45,40,45,42,4,False,258,51.6
444,Gabite,Dragon,Ground,68,90,65,50,55,82,4,False,328,65.6
445,Garchomp,Dragon,Ground,108,130,95,80,85,102,4,False,498,99.6
445,GarchompMega Garchomp,Dragon,Ground,108,170,115,120,95,92,4,False,608,121.6
446,Munchlax,Normal,NULL,135,85,40,40,85,5,4,False,385,77.0
447,Riolu,Fighting,NULL,40,70,40,35,40,60,4,False,225,45.0
448,Lucario,Fighting,Steel,70,110,70,115,70,90,4,False,435,87.0
448,LucarioMega Lucario,Fighting,Steel,70,145,88,140,70,112,4,False,513,102.6
449,Hippopotas,Ground,NULL,68,72,78,38,42,32,4,False,298,59.6
450,Hippowdon,Ground,NULL,108,112,118,68,72,47,4,False,478,95.6
451,Skorupi,Poison,Bug,40,50,90,30,55,65,4,False,265,53.0
452,Drapion,Poison,Dark,70,90,110,60,75,95,4,False,405,81.0
453,Croagunk,Poison,Fighting,48,61,40,61,40,50,4,False,250,50.0
454,Toxicroak,Poison,Fighting,83,106,65,86,65,85,4,False,405,81.0
455,Carnivine,Grass,NULL,74,100,72,90,72,46,4,False,408,81.6
456,Finneon,Water,NULL,49,49,56,49,61,66,4,False,264,52.8
457,Lumineon,Water,NULL,69,69,76,69,86,91,4,False,369,73.8
458,Mantyke,Water,Flying,45,20,50,60,120,50,4,False,295,59.0
459,Snover,Grass,Ice,60,62,50,62,60,40,4,False,294,58.8
460,Abomasnow,Grass,Ice,90,92,75,92,85,60,4,False,434,86.8
460,AbomasnowMega Abomasnow,Grass,Ice,90,132,105,132,105,30,4,False,564,112.8
461,Weavile,Dark,Ice,70,120,65,45,85,125,4,False,385,77.0
462,Magnezone,Electric,Steel,70,70,115,130,90,60,4,False,475,95.0
463,Lickilicky,Normal,NULL,110,85,95,80,95,50,4,False,465,93.0
464,Rhyperior,Ground,Rock,115,140,130,55,55,40,4,False,495,99.0
465,Tangrowth,Grass,NULL,100,100,125,110,50,50,4,False,485,97.0
466,Electivire,Electric,NULL,75,123,67,95,85,95,4,False,445,89.0
467,Magmortar,Fire,NULL,75,95,67,125,95,83,4,False,457,91.4
468,Togekiss,Fairy,Flying,85,50,95,120,115,80,4,False,465,93.0
469,Yanmega,Bug,Flying,86,76,86,116,56,95,4,True,420,84.0
470,Leafeon,Grass,NULL,65,110,130,60,65,95,4,False,430,86.0
471,Glaceon,Ice,NULL,65,60,110,130,95,65,4,False,460,92.0
472,Gliscor,Ground,Flying,75,95,125,45,75,95,4,False,415,83.0
473,Mamoswine,Ice,Ground,110,130,80,70,60,80,4,False,450,90.0
474,Porygon-Z,Normal,NULL,85,80,70,135,75,90,4,False,445,89.0
475,Gallade,Psychic,Fighting,68,125,65,65,115,80,4,False,438,87.6
475,GalladeMega Gallade,Psychic,Fighting,68,165,95,65,115,110,4,False,508,101.6
476,Probopass,Rock,Steel,60,55,145,75,150,40,4,False,485,97.0
477,Dusknoir,Ghost,NULL,45,100,135,65,135,45,4,False,480,96.0
478,Froslass,Ice,Ghost,70,80,70,80,70,110,4,False,370,74.0
479,Rotom,Electric,Ghost,50,50,77,95,77,91,4,False,349,69.8
479,RotomHeat Rotom,Electric,Fire,50,65,107,105,107,86,4,False,434,86.8
479,RotomWash Rotom,Electric,Water,50,65,107,105,107,86,4,False,434,86.8
479,RotomFrost Rotom,Electric,Ice,50,65,107,105,107,86,4,False,434,86.8
479,RotomFan Rotom,Electric,Flying,50,65,107,105,107,86,4,False,434,86.8
479,RotomMow Rotom,Electric,Grass,50,65,107,105,107,86,4,False,434,86.8
480,Uxie,Psychic,NULL,75,75,130,75,130,95,4,True,485,97.0
481,Mesprit,Psychic,NULL,80,105,105,105,105,80,4,True,500,100.0
482,Azelf,Psychic,NULL,75,125,70,125,70,115,4,True,465,93.0
483,Dialga,Steel,Dragon,100,120,120,150,100,90,4,True,590,118.0
484,Palkia,Water,Dragon,90,120,100,150,120,100,4,True,580,116.0
485,Heatran,Fire,Steel,91,90,106,130,106,77,4,True,523,104.6
486,Regigigas,Normal,NULL,110,160,110,80,110,100,4,True,570,114.0
487,GiratinaAltered Forme,Ghost,Dragon,150,100,120,100,120,90,4,True,590,118.0
487,GiratinaOrigin Forme,Ghost,Dragon,150,120,100,120,100,90,4,True,590,118.0
488,Cresselia,Psychic,NULL,120,70,120,75,130,85,4,False,515,103.0
489,Phione,Water,NULL,80,80,80,80,80,80,4,False,400,80.0
490,Manaphy,Water,NULL,100,100,100,100,100,100,4,False,500,100.0
491,Darkrai,Dark,NULL,70,90,90,135,90,125,4,True,475,95.0
492,ShayminLand Forme,Grass,NULL,100,100,100,100,100,100,4,True,500,100.0
492,ShayminSky Forme,Grass,Flying,100,103,75,120,75,127,4,True,473,94.6
493,Arceus,Normal,NULL,120,120,120,120,120,120,4,True,600,120.0
494,Victini,Psychic,Fire,100,100,100,100,100,100,5,True,500,100.0
495,Snivy,Grass,NULL,45,45,55,45,55,63,5,False,245,49.0
496,Servine,Grass,NULL,60,60,75,60,75,83,5,False,330,66.0
497,Serperior,Grass,NULL,75,75,95,75,95,113,5,False,415,83.0
498,Tepig,Fire,NULL,65,63,45,45,45,45,5,False,263,52.6
499,Pignite,Fire,Fighting,90,93,55,70,55,55,5,False,363,72.6
500,Emboar,Fire,Fighting,110,123,65,100,65,65,5,False,463,92.6
501,Oshawott,Water,NULL,55,55,45,63,45,45,5,False,263,52.6
502,Dewott,Water,NULL,75,75,60,83,60,60,5,False,353,70.6
503,Samurott,Water,NULL,95,100,85,108,70,70,5,False,458,91.6
504,Patrat,Normal,NULL,45,55,39,35,39,42,5,False,213,42.6
505,Watchog,Normal,NULL,60,85,69,60,69,77,5,False,343,68.6
506,Lillipup,Normal,NULL,45,60,45,25,45,55,5,False,220,44.0
507,Herdier,Normal,NULL,65,80,65,35,65,60,5,False,310,62.0
508,Stoutland,Normal,NULL,85,110,90,45,90,80,5,False,420,84.0
509,Purrloin,Dark,NULL,41,50,37,50,37,66,5,False,215,43.0
510,Liepard,Dark,NULL,64,88,50,88,50,106,5,False,340,68.0
511,Pansage,Grass,NULL,50,53,48,53,48,64,5,False,252,50.4
512,Simisage,Grass,NULL,75,98,63,98,63,101,5,False,397,79.4
513,Pansear,Fire,NULL,50,53,48,53,48,64,5,False,252,50.4
514,Simisear,Fire,NULL,75,98,63,98,63,101,5,False,397,79.4
515,Panpour,Water,NULL,50,53,48,53,48,64,5,False,252,50.4
516,Simipour,Water,NULL,75,98,63,98,63,101,5,False,397,79.4
517,Munna,Psychic,NULL,76,25,45,67,55,24,5,False,268,53.6
518,Musharna,Psychic,NULL,116,55,85,107,95,29,5,False,458,91.6
519,Pidove,Normal,Flying,50,55,50,36,30,43,5,False,221,44.2
520,Tranquill,Normal,Flying,62,77,62,50,42,65,5,False,293,58.6
521,Unfezant,Normal,Flying,80,115,80,65,55,93,5,False,395,79.0
522,Blitzle,Electric,NULL,45,60,32,50,32,76,5,False,219,43.8
523,Zebstrika,Electric,NULL,75,100,63,80,63,116,5,False,381,76.2
524,Roggenrola,Rock,NULL,55,75,85,25,25,15,5,False,265,53.0
525,Boldore,Rock,NULL,70,105,105,50,40,20,5,False,370,74.0
526,Gigalith,Rock,NULL,85,135,130,60,80,25,5,False,490,98.0
527,Woobat,Psychic,Flying,55,45,43,55,43,72,5,False,241,48.2
528,Swoobat,Psychic,Flying,67,57,55,77,55,114,5,False,311,62.2
529,Drilbur,Ground,NULL,60,85,40,30,45,68,5,False,260,52.0
530,Excadrill,Ground,Steel,110,135,60,50,65,88,5,False,420,84.0
531,Audino,Normal,NULL,103,60,86,60,86,50,5,False,395,79.0
531,AudinoMega Audino,Normal,Fairy,103,60,126,80,126,50,5,False,495,99.0
532,Timburr,Fighting,NULL,75,80,55,25,35,35,5,False,270,54.0
533,Gurdurr,Fighting,NULL,85,105,85,40,50,40,5,False,365,73.0
534,Conkeldurr,Fighting,NULL,105,140,95,55,65,45,5,False,460,92.0
535,Tympole,Water,NULL,50,50,40,50,40,64,5,False,230,46.0
536,Palpitoad,Water,Ground,75,65,55,65,55,69,5,False,315,63.0
537,Seismitoad,Water,Ground,105,95,75,85,75,74,5,False,435,87.0
538,Throh,Fighting,NULL,120,100,85,30,85,45,5,False,420,84.0
539,Sawk,Fighting,NULL,75,125,75,30,75,85,5,False,380,76.0
540,Sewaddle,Bug,Grass,45,53,70,40,60,42,5,True,268,53.6
541,Swadloon,Bug,Grass,55,63,90,50,80,42,5,True,338,67.6
542,Leavanny,Bug,Grass,75,103,80,70,80,92,5,True,408,81.6
543,Venipede,Bug,Poison,30,45,59,30,39,57,5,True,203,40.6
544,Whirlipede,Bug,Poison,40,55,99,40,79,47,5,True,313,62.6
545,Scolipede,Bug,Poison,60,100,89,55,69,112,5,True,373,74.6
546,Cottonee,Grass,Fairy,40,27,60,37,50,66,5,False,214,42.8
547,Whimsicott,Grass,Fairy,60,67,85,77,75,116,5,False,364,72.8
548,Petilil,Grass,NULL,45,35,50,70,50,30,5,False,250,50.0
549,Lilligant,Grass,NULL,70,60,75,110,75,90,5,False,390,78.0
550,Basculin,Water,NULL,70,92,65,80,55,98,5,False,362,72.4
551,Sandile,Ground,Dark,50,72,35,35,35,65,5,False,227,45.4
552,Krokorok,Ground,Dark,60,82,45,45,45,74,5,False,277,55.4
553,Krookodile,Ground,Dark,95,117,80,65,70,92,5,False,427,85.4
554,Darumaka,Fire,NULL,70,90,45,15,45,50,5,False,265,53.0
555,DarmanitanStandard Mode,Fire,NULL,105,140,55,30,55,95,5,False,385,77.0
555,DarmanitanZen Mode,Fire,Psychic,105,30,105,140,105,55,5,False,485,97.0
556,Maractus,Grass,NULL,75,86,67,106,67,60,5,False,401,80.2
557,Dwebble,Bug,Rock,50,65,85,35,35,55,5,True,270,54.0
558,Crustle,Bug,Rock,70,95,125,65,75,45,5,True,430,86.0
559,Scraggy,Dark,Fighting,50,75,70,35,70,48,5,False,300,60.0
560,Scrafty,Dark,Fighting,65,90,115,45,115,58,5,False,430,86.0
561,Sigilyph,Psychic,Flying,72,58,80,103,80,97,5,False,393,78.6
562,Yamask,Ghost,NULL,38,30,85,55,65,30,5,False,273,54.6
563,Cofagrigus,Ghost,NULL,58,50,145,95,105,30,5,False,453,90.6
564,Tirtouga,Water,Rock,54,78,103,53,45,22,5,False,333,66.6
565,Carracosta,Water,Rock,74,108,133,83,65,32,5,False,463,92.6
566,Archen,Rock,Flying,55,112,45,74,45,70,5,False,331,66.2
567,Archeops,Rock,Flying,75,140,65,112,65,110,5,False,457,91.4
568,Trubbish,Poison,NULL,50,50,62,40,62,65,5,False,264,52.8
569,Garbodor,Poison,NULL,80,95,82,60,82,75,5,False,399,79.8
570,Zorua,Dark,NULL,40,65,40,80,40,65,5,False,265,53.0
571,Zoroark,Dark,NULL,60,105,60,120,60,105,5,False,405,81.0
572,Minccino,Normal,NULL,55,50,40,40,40,75,5,False,225,45.0
573,Cinccino,Normal,NULL,75,95,60,65,60,115,5,False,355,71.0
574,Gothita,Psychic,NULL,45,30,50,55,65,45,5,False,245,49.0
575,Gothorita,Psychic,NULL,60,45,70,75,85,55,5,False,335,67.0
576,Gothitelle,Psychic,NULL,70,55,95,95,110,65,5,False,425,85.0
577,Solosis,Psychic,NULL,45,30,40,105,50,20,5,False,270,54.0
578,Duosion,Psychic,NULL,65,40,50,125,60,30,5,False,340,68.0
579,Reuniclus,Psychic,NULL,110,65,75,125,85,30,5,False,460,92.0
580,Ducklett,Water,Flying,62,44,50,44,50,55,5,False,250,50.0
581,Swanna,Water,Flying,75,87,63,87,63,98,5,False,375,75.0
582,Vanillite,Ice,NULL,36,50,50,65,60,44,5,False,261,52.2
583,Vanillish,Ice,NULL,51,65,65,80,75,59,5,False,336,67.2
584,Vanilluxe,Ice,NULL,71,95,85,110,95,79,5,False,456,91.2
585,Deerling,Normal,Grass,60,60,50,40,50,75,5,False,260,52.0
586,Sawsbuck,Normal,Grass,80,100,70,60,70,95,5,False,380,76.0
587,Emolga,Electric,Flying,55,75,60,75,60,103,5,False,325,65.0
588,Karrablast,Bug,NULL,50,75,45,40,45,60,5,True,255,51.0
589,Escavalier,Bug,Steel,70,135,105,60,105,20,5,True,475,95.0
590,Foongus,Grass,Poison,69,55,45,55,55,15,5,False,279,55.8
591,Amoonguss,Grass,Poison,114,85,70,85,80,30,5,False,434,86.8
592,Frillish,Water,Ghost,55,40,50,65,85,40,5,False,295,59.0
593,Jellicent,Water,Ghost,100,60,70,85,105,60,5,False,420,84.0
594,Alomomola,Water,NULL,165,75,80,40,45,65,5,False,405,81.0
595,Joltik,Bug,Electric,50,47,50,57,50,65,5,True,254,50.8
596,Galvantula,Bug,Electric,70,77,60,97,60,108,5,True,364,72.8
597,Ferroseed,Grass,Steel,44,50,91,24,86,10,5,False,295,59.0
598,Ferrothorn,Grass,Steel,74,94,131,54,116,20,5,False,469,93.8
599,Klink,Steel,NULL,40,55,70,45,60,30,5,False,270,54.0
600,Klang,Steel,NULL,60,80,95,70,85,50,5,False,390,78.0
601,Klinklang,Steel,NULL,60,100,115,70,85,90,5,False,430,86.0
602,Tynamo,Electric,NULL,35,55,40,45,40,60,5,False,215,43.0
603,Eelektrik,Electric,NULL,65,85,70,75,70,40,5,False,365,73.0
604,Eelektross,Electric,NULL,85,115,80,105,80,50,5,False,465,93.0
605,Elgyem,Psychic,NULL,55,55,55,85,55,30,5,False,305,61.0
606,Beheeyem,Psychic,NULL,75,75,75,125,95,40,5,False,445,89.0
607,Litwick,Ghost,Fire,50,30,55,65,55,20,5,False,255,51.0
608,Lampent,Ghost,Fire,60,40,60,95,60,55,5,False,315,63.0
609,Chandelure,Ghost,Fire,60,55,90,145,90,80,5,False,440,88.0
610,Axew,Dragon,NULL,46,87,60,30,40,57,5,False,263,52.6
611,Fraxure,Dragon,NULL,66,117,70,40,50,67,5,False,343,68.6
612,Haxorus,Dragon,NULL,76,147,90,60,70,97,5,False,443,88.6
613,Cubchoo,Ice,NULL,55,70,40,60,40,40,5,False,265,53.0
614,Beartic,Ice,NULL,95,110,80,70,80,50,5,False,435,87.0
615,Cryogonal,Ice,NULL,70,50,30,95,135,105,5,False,380,76.0
616,Shelmet,Bug,NULL,50,40,85,40,65,25,5,True,280,56.0
617,Accelgor,Bug,NULL,80,70,40,100,60,145,5,True,350,70.0
618,Stunfisk,Ground,Electric,109,66,84,81,99,32,5,False,439,87.8
619,Mienfoo,Fighting,NULL,45,85,50,55,50,65,5,False,285,57.0
620,Mienshao,Fighting,NULL,65,125,60,95,60,105,5,False,405,81.0
621,Druddigon,Dragon,NULL,77,120,90,60,90,48,5,False,437,87.4
622,Golett,Ground,Ghost,59,74,50,35,50,35,5,False,268,53.6
623,Golurk,Ground,Ghost,89,124,80,55,80,55,5,False,428,85.6
624,Pawniard,Dark,Steel,45,85,70,40,40,60,5,False,280,56.0
625,Bisharp,Dark,Steel,65,125,100,60,70,70,5,False,420,84.0
626,Bouffalant,Normal,NULL,95,110,95,40,95,55,5,False,435,87.0
627,Rufflet,Normal,Flying,70,83,50,37,50,60,5,False,290,58.0
628,Braviary,Normal,Flying,100,123,75,57,75,80,5,False,430,86.0
629,Vullaby,Dark,Flying,70,55,75,45,65,60,5,False,310,62.0
630,Mandibuzz,Dark,Flying,110,65,105,55,95,80,5,False,430,86.0
631,Heatmor,Fire,NULL,85,97,66,105,66,65,5,False,419,83.8
632,Durant,Bug,Steel,58,109,112,48,48,109,5,True,375,75.0
633,Deino,Dark,Dragon,52,65,50,45,50,38,5,False,262,52.4
634,Zweilous,Dark,Dragon,72,85,70,65,70,58,5,False,362,72.4
635,Hydreigon,Dark,Dragon,92,105,90,125,90,98,5,False,502,100.4
636,Larvesta,Bug,Fire,55,85,55,50,55,60,5,True,300,60.0
637,Volcarona,Bug,Fire,85,60,65,135,105,100,5,True,450,90.0
638,Cobalion,Steel,Fighting,91,90,129,90,72,108,5,True,472,94.4
639,Terrakion,Rock,Fighting,91,129,90,72,90,108,5,True,472,94.4
640,Virizion,Grass,Fighting,91,90,72,90,129,108,5,True,472,94.4
641,TornadusIncarnate Forme,Flying,NULL,79,115,70,125,80,111,5,True,469,93.8
641,TornadusTherian Forme,Flying,NULL,79,100,80,110,90,121,5,True,459,91.8
642,ThundurusIncarnate Forme,Electric,Flying,79,115,70,125,80,111,5,True,469,93.8
642,ThundurusTherian Forme,Electric,Flying,79,105,70,145,80,101,5,True,479,95.8
643,Reshiram,Dragon,Fire,100,120,100,150,120,90,5,True,590,118.0
644,Zekrom,Dragon,Electric,100,150,120,120,100,90,5,True,590,118.0
645,LandorusIncarnate Forme,Ground,Flying,89,125,90,115,80,101,5,True,499,99.8
645,LandorusTherian Forme,Ground,Flying,89,145,90,105,80,91,5,True,509,101.8
646,Kyurem,Dragon,Ice,125,130,90,130,90,95,5,True,565,113.0
646,KyuremBlack Kyurem,Dragon,Ice,125,170,100,120,90,95,5,True,605,121.0
646,KyuremWhite Kyurem,Dragon,Ice,125,120,90,170,100,95,5,True,605,121.0
647,KeldeoOrdinary Forme,Water,Fighting,91,72,90,129,90,108,5,False,472,94.4
647,KeldeoResolute Forme,Water,Fighting,91,72,90,129,90,108,5,False,472,94.4
648,MeloettaAria Forme,Normal,Psychic,100,77,77,128,128,90,5,False,510,102.0
648,MeloettaPirouette Forme,Normal,Fighting,100,128,90,77,77,128,5,False,472,94.4
649,Genesect,Bug,Steel,71,120,95,120,95,99,5,True,501,100.2
650,Chespin,Grass,NULL,56,61,65,48,45,38,6,False,275,55.0
651,Quilladin,Grass,NULL,61,78,95,56,58,57,6,False,348,69.6
652,Chesnaught,Grass,Fighting,88,107,122,74,75,64,6,False,466,93.2
653,Fennekin,Fire,NULL,40,45,40,62,60,60,6,False,247,49.4
654,Braixen,Fire,NULL,59,59,58,90,70,73,6,False,336,67.2
655,Delphox,Fire,Psychic,75,69,72,114,100,104,6,False,430,86.0
656,Froakie,Water,NULL,41,56,40,62,44,71,6,False,243,48.6
657,Frogadier,Water,NULL,54,63,52,83,56,97,6,False,308,61.6
658,Greninja,Water,Dark,72,95,67,103,71,122,6,False,408,81.6
659,Bunnelby,Normal,NULL,38,36,38,32,36,57,6,False,180,36.0
660,Diggersby,Normal,Ground,85,56,77,50,77,78,6,False,345,69.0
661,Fletchling,Normal,Flying,45,50,43,40,38,62,6,False,216,43.2
662,Fletchinder,Fire,Flying,62,73,55,56,52,84,6,False,298,59.6
663,Talonflame,Fire,Flying,78,81,71,74,69,126,6,False,373,74.6
664,Scatterbug,Bug,NULL,38,35,40,27,25,35,6,True,165,33.0
665,Spewpa,Bug,NULL,45,22,60,27,30,29,6,True,184,36.8
666,Vivillon,Bug,Flying,80,52,50,90,50,89,6,True,322,64.4
667,Litleo,Fire,Normal,62,50,58,73,54,72,6,False,297,59.4
668,Pyroar,Fire,Normal,86,68,72,109,66,106,6,False,401,80.2
669,Flabébé,Fairy,NULL,44,38,39,61,79,42,6,False,261,52.2
670,Floette,Fairy,NULL,54,45,47,75,98,52,6,False,319,63.8
671,Florges,Fairy,NULL,78,65,68,112,154,75,6,False,477,95.4
672,Skiddo,Grass,NULL,66,65,48,62,57,52,6,False,298,59.6
673,Gogoat,Grass,NULL,123,100,62,97,81,68,6,False,463,92.6
674,Pancham,Fighting,NULL,67,82,62,46,48,43,6,False,305,61.0
675,Pangoro,Fighting,Dark,95,124,78,69,71,58,6,False,437,87.4
676,Furfrou,Normal,NULL,75,80,60,65,90,102,6,False,370,74.0
677,Espurr,Psychic,NULL,62,48,54,63,60,68,6,False,287,57.4
678,MeowsticMale,Psychic,NULL,74,48,76,83,81,104,6,False,362,72.4
678,MeowsticFemale,Psychic,NULL,74,48,76,83,81,104,6,False,362,72.4
679,Honedge,Steel,Ghost,45,80,100,35,37,28,6,False,297,59.4
680,Doublade,Steel,Ghost,59,110,150,45,49,35,6,False,413,82.6
681,AegislashBlade Forme,Steel,Ghost,60,150,50,150,50,60,6,False,460,92.0
681,AegislashShield Forme,Steel,Ghost,60,50,150,50,150,60,6,False,460,92.0
682,Spritzee,Fairy,NULL,78,52,60,63,65,23,6,False,318,63.6
683,Aromatisse,Fairy,NULL,101,72,72,99,89,29,6,False,433,86.6
684,Swirlix,Fairy,NULL,62,48,66,59,57,49,6,False,292,58.4
685,Slurpuff,Fairy,NULL,82,80,86,85,75,72,6,False,408,81.6
686,Inkay,Dark,Psychic,53,54,53,37,46,45,6,False,243,48.6
687,Malamar,Dark,Psychic,86,92,88,68,75,73,6,False,409,81.8
688,Binacle,Rock,Water,42,52,67,39,56,50,6,False,256,51.2
689,Barbaracle,Rock,Water,72,105,115,54,86,68,6,False,432,86.4
690,Skrelp,Poison,Water,50,60,60,60,60,30,6,False,290,58.0
691,Dragalge,Poison,Dragon,65,75,90,97,123,44,6,False,450,90.0
692,Clauncher,Water,NULL,50,53,62,58,63,44,6,False,286,57.2
693,Clawitzer,Water,NULL,71,73,88,120,89,59,6,False,441,88.2
694,Helioptile,Electric,Normal,44,38,33,61,43,70,6,False,219,43.8
695,Heliolisk,Electric,Normal,62,55,52,109,94,109,6,False,372,74.4
696,Tyrunt,Rock,Dragon,58,89,77,45,45,48,6,False,314,62.8
697,Tyrantrum,Rock,Dragon,82,121,119,69,59,71,6,False,450,90.0
698,Amaura,Rock,Ice,77,59,50,67,63,46,6,False,316,63.2
699,Aurorus,Rock,Ice,123,77,72,99,92,58,6,False,463,92.6
700,Sylveon,Fairy,NULL,95,65,65,110,130,60,6,False,465,93.0
701,Hawlucha,Fighting,Flying,78,92,75,74,63,118,6,False,382,76.4
702,Dedenne,Electric,Fairy,67,58,57,81,67,101,6,False,330,66.0
703,Carbink,Rock,Fairy,50,50,150,50,150,50,6,False,450,90.0
704,Goomy,Dragon,NULL,45,50,35,55,75,40,6,False,260,52.0
705,Sliggoo,Dragon,NULL,68,75,53,83,113,60,6,False,392,78.4
706,Goodra,Dragon,NULL,90,100,70,110,150,80,6,False,520,104.0
707,Klefki,Steel,Fairy,57,80,91,80,87,75,6,False,395,79.0
708,Phantump,Ghost,Grass,43,70,48,50,60,38,6,False,271,54.2
709,Trevenant,Ghost,Grass,85,110,76,65,82,56,6,False,418,83.6
710,PumpkabooAverage Size,Ghost,Grass,49,66,70,44,55,51,6,False,284,56.8
710,PumpkabooSmall Size,Ghost,Grass,44,66,70,44,55,56,6,False,279,55.8
710,PumpkabooLarge Size,Ghost,Grass,54,66,70,44,55,46,6,False,289,57.8
710,PumpkabooSuper Size,Ghost,Grass,59,66,70,44,55,41,6,False,294,58.8
711,GourgeistAverage Size,Ghost,Grass,65,90,122,58,75,84,6,False,410,82.0
711,GourgeistSmall Size,Ghost,Grass,55,85,122,58,75,99,6,False,395,79.0
711,GourgeistLarge Size,Ghost,Grass,75,95,122,58,75,69,6,False,425,85.0
711,GourgeistSuper Size,Ghost,Grass,85,100,122,58,75,54,6,False,440,88.0
712,Bergmite,Ice,NULL,55,69,85,32,35,28,6,False,276,55.2
713,Avalugg,Ice,NULL,95,117,184,44,46,28,6,False,486,97.2
714,Noibat,Flying,Dragon,40,30,35,45,40,55,6,False,190,38.0
715,Noivern,Flying,Dragon,85,70,80,97,80,123,6,False,412,82.4
716,Xerneas,Fairy,NULL,126,131,95,131,98,99,6,True,581,116.2
717,Yveltal,Dark,Flying,126,131,95,131,98,99,6,True,581,116.2
718,Zygarde50% Forme,Dragon,Ground,108,100,121,81,95,95,6,True,505,101.0
719,Diancie,Rock,Fairy,50,100,150,100,150,50,6,True,550,110.0
719,DiancieMega Diancie,Rock,Fairy,50,160,110,160,110,110,6,True,590,118.0
720,HoopaHoopa Confined,Psychic,Ghost,80,110,60,150,130,70,6,True,530,106.0
720,HoopaHoopa Unbound,Psychic,Dark,80,160,60,170,130,80,6,True,600,120.0
721,Volcanion,Fire,Water,80,110,120,130,90,70,6,True,530,106.0
